<?xml version="1.0"?>

<Repository>
	<FileSystem class="org.apache.jackrabbit.core.fs.local.LocalFileSystem">
		<param name="path" value="${rep.home}/repository" />
	</FileSystem>

	<!--
	Database File System (Cluster Configuration)

	This is sample configuration for mysql persistence that can be used for
	clustering Jackrabbit. For other databases, change the connection,
	credentials, and schema settings.
	-->

	<!--<FileSystem class="org.apache.jackrabbit.core.fs.db.DbFileSystem">
		<param name="driver" value="com.mysql.jdbc.Driver"/>
		<param name="url" value="jdbc:mysql://localhost/jcr" />
		<param name="user" value="" />
		<param name="password" value="" />
		<param name="schema" value="mysql"/>
		<param name="schemaObjectPrefix" value="J_R_FS_"/>
	</FileSystem>-->

	<Security appName="Jackrabbit">
		<AccessManager class="org.apache.jackrabbit.core.security.SimpleAccessManager" />
		<LoginModule class="org.apache.jackrabbit.core.security.SimpleLoginModule">
			<param name="anonymousId" value="anonymous" />
		</LoginModule>
	</Security>
	<Workspaces rootPath="${rep.home}/workspaces" defaultWorkspace="liferay" />
	<Workspace name="${wsp.name}">
		<FileSystem class="org.apache.jackrabbit.core.fs.local.LocalFileSystem">
			<param name="path" value="${wsp.home}" />
		</FileSystem>
		<PersistenceManager class="org.apache.jackrabbit.core.persistence.bundle.BundleFsPersistenceManager" />

		<!--
		Database File System and Persistence (Cluster Configuration)

		This is sample configuration for mysql persistence that can be used for
		clustering Jackrabbit. For other databases, change the  connection,
		credentials, and schema settings.
		-->

		<!--<PersistenceManager class="org.apache.jackrabbit.core.state.db.SimpleDbPersistenceManager">
			<param name="driver" value="com.mysql.jdbc.Driver" />
			<param name="url" value="jdbc:mysql://localhost/jcr" />
			<param name="user" value="" />
			<param name="password" value="" />
			<param name="schema" value="mysql" />
			<param name="schemaObjectPrefix" value="J_PM_${wsp.name}_" />
			<param name="externalBLOBs" value="false" />
		</PersistenceManager>
		<FileSystem class="org.apache.jackrabbit.core.fs.db.DbFileSystem">
			<param name="driver" value="com.mysql.jdbc.Driver"/>
			<param name="url" value="jdbc:mysql://localhost/jcr" />
			<param name="user" value="" />
			<param name="password" value="" />
			<param name="schema" value="mysql"/>
			<param name="schemaObjectPrefix" value="J_FS_${wsp.name}_"/>
		</FileSystem>-->
	</Workspace>
	<Versioning rootPath="${rep.home}/version">
		<FileSystem class="org.apache.jackrabbit.core.fs.local.LocalFileSystem">
			<param name="path" value="${rep.home}/version" />
		</FileSystem>
		<PersistenceManager class="org.apache.jackrabbit.core.persistence.bundle.BundleFsPersistenceManager" />

		<!--
		Database File System and Persistence (Cluster Configuration)

		This is sample configuration for mysql persistence that can be used for
		clustering Jackrabbit. For other databases, change the connection,
		credentials, and schema settings.
		-->

		<!--<FileSystem class="org.apache.jackrabbit.core.fs.db.DbFileSystem">
			<param name="driver" value="com.mysql.jdbc.Driver"/>
			<param name="url" value="jdbc:mysql://localhost/jcr" />
			<param name="user" value="" />
			<param name="password" value="" />
			<param name="schema" value="mysql"/>
			<param name="schemaObjectPrefix" value="J_V_FS_"/>
		</FileSystem>
		<PersistenceManager class="org.apache.jackrabbit.core.state.db.SimpleDbPersistenceManager">
			<param name="driver" value="com.mysql.jdbc.Driver" />
			<param name="url" value="jdbc:mysql://localhost/jcr" />
			<param name="user" value="" />
			<param name="password" value="" />
			<param name="schema" value="mysql" />
			<param name="schemaObjectPrefix" value="J_V_PM_" />
			<param name="externalBLOBs" value="false" />
		</PersistenceManager>-->
	</Versioning>

	<!--
	Cluster Configuration

	This is sample configuration for mysql persistence that can be used for
	clustering Jackrabbit. For other databases, change the  connection,
	credentials, and schema settings.
	-->

	<!--<Cluster id="node_1" syncDelay="5">
		<Journal class="org.apache.jackrabbit.core.journal.DatabaseJournal">
			<param name="revision" value="${rep.home}/revision"/>
			<param name="driver" value="com.mysql.jdbc.Driver"/>
			<param name="url" value="jdbc:mysql://localhost/jcr"/>
			<param name="user" value=""/>
			<param name="password" value=""/>
			<param name="schema" value="mysql"/>
			<param name="schemaObjectPrefix" value="J_C_"/>
		</Journal>
	</Cluster>-->
</Repository>